INSERT INTO ACTOR (ID, LASTNAME, FIRSTNAME) 
	VALUES (-1, 'De Funes', 'Louis');
INSERT INTO ACTOR (ID, LASTNAME, FIRSTNAME) 
	VALUES (-2, 'Reno', 'Jean');
INSERT INTO ACTOR (ID, LASTNAME, FIRSTNAME) 
	VALUES (-3, 'Garcia', 'José');
INSERT INTO ACTOR (ID, LASTNAME, FIRSTNAME) 
	VALUES (-4, 'Gere', 'Richard');
INSERT INTO ACTOR (ID, LASTNAME, FIRSTNAME) 
	VALUES (-5, 'Stalone', 'Sylvester');
INSERT INTO ACTOR (ID, LASTNAME, FIRSTNAME) 
	VALUES (-6, 'Bullock', 'Sandra');
INSERT INTO ACTOR (ID, LASTNAME, FIRSTNAME) 
	VALUES (-7, 'Waver', 'Sigourney');
INSERT INTO ACTOR (ID, LASTNAME, FIRSTNAME) 
	VALUES (-8, 'Di Caprio', 'Leonardo');
INSERT INTO ACTOR (ID, LASTNAME, FIRSTNAME) 
	VALUES (-9, 'Winslett', 'Kate');
INSERT INTO ACTOR (ID, LASTNAME, FIRSTNAME) 
	VALUES (-10, 'Barymore', 'Drew');
INSERT INTO ACTOR (ID, LASTNAME, FIRSTNAME) 
	VALUES (-11, 'Statham', 'Jason');
INSERT INTO ACTOR (ID, LASTNAME, FIRSTNAME) 
	VALUES (-12, 'Schwarzenegger', 'Arnold');
INSERT INTO ACTOR (ID, LASTNAME, FIRSTNAME) 
	VALUES (-13, 'Roberts', 'Julia');
INSERT INTO ACTOR (ID, LASTNAME, FIRSTNAME) 
	VALUES (-14, 'Pitt', 'Brad ');
INSERT INTO ACTOR (ID, LASTNAME, FIRSTNAME) 
	VALUES (-15, 'Clooney', 'George');
INSERT INTO ACTOR (ID, LASTNAME, FIRSTNAME) 
	VALUES (-16, 'Ford', 'Harrison');
INSERT INTO ACTOR (ID, LASTNAME, FIRSTNAME) 
	VALUES (-17, 'Hamill', 'Mark');
INSERT INTO ACTOR (ID, LASTNAME, FIRSTNAME) 
	VALUES (-18, 'Dujardin', 'Jean');
INSERT INTO ACTOR (ID, LASTNAME, FIRSTNAME) 
	VALUES (-19, 'Hanks', 'Tom');
INSERT INTO ACTOR (ID, LASTNAME, FIRSTNAME) 
	VALUES (-20, 'Damon', 'Matt');

INSERT INTO MOVIE (ID, TITLE, COPIES, MOVIE_TYPE, MAIN_ACTOR_ID) 
	VALUES (-1, 'Titanic', 8, 'Romance', -8);
INSERT INTO MOVIE (ID, TITLE, COPIES, MOVIE_TYPE, MAIN_ACTOR_ID) 
	VALUES (-2, 'Demolition man', 2, 'Action', -5);
INSERT INTO MOVIE (ID, TITLE, COPIES, MOVIE_TYPE, MAIN_ACTOR_ID) 
	VALUES (-3, 'Alien', 5, 'Fantastique', -7);
INSERT INTO MOVIE (ID, TITLE, COPIES, MOVIE_TYPE, MAIN_ACTOR_ID) 
	VALUES (-4, 'Expendables', 7, 'Action', -5);
INSERT INTO MOVIE (ID, TITLE, COPIES, MOVIE_TYPE, MAIN_ACTOR_ID) 
	VALUES (-5, 'Lucky luke', 410, 'Western', -18);
INSERT INTO MOVIE (ID, TITLE, COPIES, MOVIE_TYPE, MAIN_ACTOR_ID) 
	VALUES (-6, 'Star Wars', 4010, 'Fiction', -17);
INSERT INTO MOVIE (ID, TITLE, COPIES, MOVIE_TYPE, MAIN_ACTOR_ID) 
	VALUES (-7, 'Ocean''s Eleven', 0, 'Action', -15);
INSERT INTO MOVIE (ID, TITLE, COPIES, MOVIE_TYPE, MAIN_ACTOR_ID) 
	VALUES (-8, 'Da Vinci Code ', 2, 'Aventure', -19);
INSERT INTO MOVIE (ID, TITLE, COPIES, MOVIE_TYPE, MAIN_ACTOR_ID) 
	VALUES (-9, 'Pretty Woman', 5, 'Romance', -13);

INSERT INTO MOVIE_SEC_ACTORS (ID_MOVIE, ID_ACTOR) 
	VALUES (-8, -2);
INSERT INTO MOVIE_SEC_ACTORS (ID_MOVIE, ID_ACTOR) 
	VALUES (-9, -4);
INSERT INTO MOVIE_SEC_ACTORS (ID_MOVIE, ID_ACTOR) 
	VALUES (-2, -6);
INSERT INTO MOVIE_SEC_ACTORS (ID_MOVIE, ID_ACTOR) 
	VALUES (-1, -9);
INSERT INTO MOVIE_SEC_ACTORS (ID_MOVIE, ID_ACTOR) 
	VALUES (-4, -11);
INSERT INTO MOVIE_SEC_ACTORS (ID_MOVIE, ID_ACTOR) 
	VALUES (-7, -13);
INSERT INTO MOVIE_SEC_ACTORS (ID_MOVIE, ID_ACTOR) 
	VALUES (-7, -14);
INSERT INTO MOVIE_SEC_ACTORS (ID_MOVIE, ID_ACTOR) 
	VALUES (-6, -16);
INSERT INTO MOVIE_SEC_ACTORS (ID_MOVIE, ID_ACTOR) 
	VALUES (-7, -20);